ALGORITHM, DISTANCE, TIME
FootRule+, 44.5148, 36.16784
Borda+, 44.4464, 72.29798
Score-Then-Borda+, 44.4464, 111.63295
RandomSort, 45.5436, 163.34080
Local-Search, 44.2306, 301.72435
Linear-Programming-Relaxation, 44.2306, 362.97956
Copeland, 47.2512, 289.47332
OPTIMAL, 44.2306, 349.95558
