ALGORITHM, DISTANCE, TIME
FootRule+, 17.38, 23.04122
Borda+, 17.3, 2.58575
Score-Then-Borda+, 17.3, 4.02973
RandomSort, 19.82, 1.93115
Local-Search, 16.8, 253.04915
Linear-Programming-Relaxation, 16.8, 1828.99109
Copeland, 878.1, 27.53475
OPTIMAL, 16.8, 1818.47755
Chanas, 441.0, 78.30821
QS RAND, 487.2, 28.52816
QS DET, 582.36, 33.37416
IS, 878.1, 29.51879
