ALGORITHM, DISTANCE, TIME
FootRule+, 5.7575, 6.11888
Borda+, 5.7575, 10.36909
Score-Then-Borda+, 5.7575, 18.27182
RandomSort, 6.01375, 24.57696
Local-Search, 5.7575, 52.94824
Linear-Programming-Relaxation, 5.7575, 100.58063
Copeland, 85.6, 40.87010
OPTIMAL, 5.7575, 126.33571
Chanas, 49.63875, 44.52994
QS RAND, 73.91625, 43.00824
QS DET, 50.51625, 41.99528
IS, 85.6, 42.41152
