ALGORITHM, DISTANCE, TIME
FootRule+, 442.536, 78.25440
Borda+, 441.615, 117.28248
Score-Then-Borda+, 441.615, 185.70181
RandomSort, 476.04, 73.35553
Local-Search, 437.013, 1621.05101
Linear-Programming-Relaxation, 436.905, 3078.20950
Copeland, 518.9915, 1283.56312
OPTIMAL, 436.905, 3083.54340
Chanas, 478.6975, 1276.61102
QS RAND, 500.0295, 1202.90545
QS DET, 493.9705, 1231.21060
IS, 518.045, 1201.74108
