ALGORITHM, DISTANCE, TIME
FootRule+, 175.5725, 17.96189
Borda+, 178.27125, 21.92711
Score-Then-Borda+, 175.81625, 34.81728
RandomSort, 188.43875, 28.14601
Local-Search, 172.9375, 266.13817
Linear-Programming-Relaxation, 172.93, 693.77309
Copeland, 212.9025, 182.49628
OPTIMAL, 172.93, 700.87490
Chanas, 188.585, 209.18879
QS RAND, 201.8125, 192.56795
QS DET, 198.77375, 187.50036
IS, 211.43, 187.57741
