ALGORITHM, DISTANCE, TIME
FootRule+, 11.86, 7.91931
Borda+, 11.76, 1.85256
Score-Then-Borda+, 11.76, 2.86380
RandomSort, 15.14, 1.85899
Local-Search, 11.3, 106.00654
Linear-Programming-Relaxation, 11.3, 534.15769
Copeland, 385.68, 12.62573
OPTIMAL, 11.3, 530.36562
Chanas, 147.36, 25.71270
QS RAND, 322.6, 12.27644
QS DET, 249.1, 14.11390
IS, 385.68, 12.36412
