ALGORITHM, DISTANCE, TIME
FootRule+, 25.865, 58.14483
Borda+, 25.92, 13.15440
Score-Then-Borda+, 25.915, 19.84771
RandomSort, 37.35, 7.64523
Local-Search, 25.85, 922.55974
Linear-Programming-Relaxation, 25.85, 4801.97405
Copeland, 1580.055, 207.83361
OPTIMAL, 25.85, 4772.05960
Chanas, 906.24, 312.60143
QS RAND, 1306.865, 205.73182
QS DET, 1008.74, 220.72063
IS, 1580.055, 204.48690
