ALGORITHM, DISTANCE, TIME
FootRule+, 11.19, 57.53448
Borda+, 11.25, 5.44674
Score-Then-Borda+, 11.25, 8.09820
RandomSort, 17.415, 7.13943
Local-Search, 11.19, 725.61873
Linear-Programming-Relaxation, 11.19, 4722.72365
Copeland, 911.53, 114.64104
OPTIMAL, 11.19, 4673.81102
Chanas, 462.585, 317.02157
QS RAND, 738.82, 118.41817
QS DET, 639.27, 127.08068
IS, 911.53, 118.40394
