ALGORITHM, DISTANCE, TIME
FootRule+, 35.33125, 5.04694
Borda+, 35.68625, 8.58052
Score-Then-Borda+, 35.68625, 13.05849
RandomSort, 37.4575, 29.62424
Local-Search, 34.92875, 46.42915
Linear-Programming-Relaxation, 34.92875, 100.01830
Copeland, 42.22625, 38.09083
OPTIMAL, 34.92875, 107.82539
Chanas, 37.59125, 42.65012
QS RAND, 40.83, 40.85665
QS DET, 41.2925, 40.34882
IS, 41.68125, 39.26368
