ALGORITHM, DISTANCE, TIME
FootRule+, 48.1116, 40.96001
Borda+, 48.0726, 79.42317
Score-Then-Borda+, 48.0726, 123.21633
RandomSort, 49.0568, 180.99116
Local-Search, 47.901, 312.15575
Linear-Programming-Relaxation, 47.8996, 385.69562
Copeland, 50.4148, 312.29714
OPTIMAL, 47.8996, 367.44779
Chanas, 49.1132, 304.49056
QS RAND, 49.8598, 301.71011
QS DET, 49.713, 311.13778
IS, 50.401, 295.23263
