ALGORITHM, DISTANCE, TIME
FootRule+, 304.0, 23.76740
Borda+, 313.4, 3.07108
Score-Then-Borda+, 304.72, 4.82326
RandomSort, 319.06, 1.99761
Local-Search, 291.9, 372.08899
Linear-Programming-Relaxation, 291.56, 1827.97897
Copeland, 656.6, 30.17423
OPTIMAL, 291.56, 1823.97810
Chanas, 479.78, 75.81413
QS RAND, 612.66, 31.41719
QS DET, 576.32, 34.41887
IS, 638.74, 31.85741
