ALGORITHM, DISTANCE, TIME
FootRule+, 566.64, 54.28828
Borda+, 594.24, 4.50117
Score-Then-Borda+, 579.04, 6.62682
RandomSort, 563.56, 2.03949
Local-Search, 546.84, 946.55746
Linear-Programming-Relaxation, 546.76, 4681.61222
Copeland, 1154.98, 55.49197
OPTIMAL, 546.76, 4681.46765
Chanas, 833.98, 162.63652
QS RAND, 981.8, 57.09190
QS DET, 1071.2, 63.90908
IS, 1120.52, 61.51250
