ALGORITHM, DISTANCE, TIME
FootRule+, 29.6532, 264.47440
Borda+, 29.6532, 424.36682
Score-Then-Borda+, 29.6532, 669.13335
RandomSort, 48.3174, 186.86207
Local-Search, 29.6532, 7053.04893
Linear-Programming-Relaxation, 29.6532, 10754.10674
Copeland, 1694.8216, 6315.49675
OPTIMAL, 29.6532, 10763.37826
Chanas, 982.3704, 5788.54785
QS RAND, 1282.8924, 5700.05718
QS DET, 1293.1638, 5673.93186
IS, 1694.8216, 5727.93461
