ALGORITHM, DISTANCE, TIME
FootRule+, 381.4, 54.47123
Borda+, 436.48, 2.70703
Score-Then-Borda+, 396.18, 4.09736
RandomSort, 369.32, 1.94224
Local-Search, 361.56, 1182.74556
Linear-Programming-Relaxation, 362.16, 4694.27629
Copeland, 954.36, 40.59508
OPTIMAL, 361.46, 4653.74657
Chanas, 696.4, 145.75566
QS RAND, 814.62, 42.33660
QS DET, 852.5, 44.55244
IS, 917.26, 41.94866
