ALGORITHM, DISTANCE, TIME
FootRule+, 194.815, 27.68042
Borda+, 214.99, 4.38035
Score-Then-Borda+, 200.54, 6.47890
RandomSort, 218.465, 7.19372
Local-Search, 191.59, 400.26758
Linear-Programming-Relaxation, 191.38, 1902.30531
Copeland, 327.35, 62.94162
OPTIMAL, 191.38, 1880.31191
Chanas, 259.115, 132.66956
QS RAND, 315.365, 79.12103
QS DET, 297.11, 80.09769
IS, 325.35, 81.94381
