ALGORITHM, DISTANCE, TIME
FootRule+, 420.9295, 76.35369
Borda+, 437.243, 51.07287
Score-Then-Borda+, 434.095, 76.30247
RandomSort, 443.942, 69.44581
Local-Search, 419.4995, 1957.27335
Linear-Programming-Relaxation, 419.4515, 5692.79257
Copeland, 480.705, 1062.69505
OPTIMAL, 419.4515, 5669.77767
Chanas, 453.4385, 1288.75525
QS RAND, 471.6515, 1168.61280
QS DET, 465.2375, 1144.74399
IS, 476.647, 1165.22741
