ALGORITHM, DISTANCE, TIME
FootRule+, 64.9966, 37.89283
Borda+, 66.4188, 65.92733
Score-Then-Borda+, 66.4188, 99.92947
RandomSort, 73.968, 169.58214
Local-Search, 64.9682, 769.84566
Linear-Programming-Relaxation, 64.9682, 1179.79792
Copeland, 155.5326, 672.15476
OPTIMAL, 64.9682, 1243.14117
Chanas, 98.74, 728.53405
QS RAND, 148.8076, 716.96148
QS DET, 82.8996, 713.62118
IS, 155.5326, 726.11720
