ALGORITHM, DISTANCE, TIME
FootRule+, 2.6378, 27.50144
Borda+, 2.7712, 14.08029
Score-Then-Borda+, 2.651, 21.16152
RandomSort, 2.6394, 55.06331
Local-Search, 2.6378, 470.39310
Linear-Programming-Relaxation, 2.6378, 2026.93850
Copeland, 187.363, 222.51214
OPTIMAL, 2.6378, 2028.81886
Chanas, 78.3184, 371.77850
QS RAND, 166.7142, 273.63766
QS DET, 134.4828, 300.64926
IS, 187.363, 245.30575
