ALGORITHM, DISTANCE, TIME
FootRule+, 94.12, 23.23792
Borda+, 110.9, 1.32211
Score-Then-Borda+, 95.82, 2.07339
RandomSort, 105.46, 1.86698
Local-Search, 89.98, 333.00314
Linear-Programming-Relaxation, 89.98, 1823.77719
Copeland, 427.86, 15.75188
OPTIMAL, 89.98, 1843.87085
Chanas, 256.98, 83.35221
QS RAND, 395.1, 21.32501
QS DET, 252.84, 21.57048
IS, 427.22, 20.26898
