ALGORITHM, DISTANCE, TIME
FootRule+, 97.16, 9.10266
Borda+, 101.65, 4.66296
Score-Then-Borda+, 98.495, 7.02097
RandomSort, 124.16, 7.93711
Local-Search, 95.86, 112.25092
Linear-Programming-Relaxation, 95.86, 556.47793
Copeland, 235.405, 39.16961
OPTIMAL, 95.86, 576.79401
Chanas, 146.895, 60.35596
QS RAND, 222.65, 46.24153
QS DET, 158.895, 48.18230
IS, 235.58, 45.42224
