ALGORITHM, DISTANCE, TIME
FootRule+, 20.97, 1.59255
Borda+, 21.56, 1.34233
Score-Then-Borda+, 21.23, 2.08939
RandomSort, 22.665, 6.64256
Local-Search, 20.79, 16.41956
Linear-Programming-Relaxation, 20.78, 66.07326
Copeland, 29.52, 6.14525
OPTIMAL, 20.78, 76.11335
Chanas, 24.275, 10.71098
QS RAND, 26.475, 8.25211
QS DET, 26.565, 8.36024
IS, 29.36, 7.56318
