ALGORITHM, DISTANCE, TIME
FootRule+, 35.515, 6.60307
Borda+, 35.55625, 11.66990
Score-Then-Borda+, 35.55625, 17.57961
RandomSort, 43.78625, 28.80661
Local-Search, 35.085, 54.40691
Linear-Programming-Relaxation, 35.085, 107.01326
Copeland, 56.27125, 47.96938
OPTIMAL, 35.085, 116.55330
