ALGORITHM, DISTANCE, TIME
FootRule+, 136.6134, 94.31008
Borda+, 136.5282, 178.99855
Score-Then-Borda+, 136.5396, 260.02418
RandomSort, 184.7942, 179.97803
Local-Search, 136.5282, 1334.57221
Linear-Programming-Relaxation, 136.5282, 1778.34923
Copeland, 281.33, 1289.14223
OPTIMAL, 136.5282, 1834.23226
