ALGORITHM, DISTANCE, TIME
FootRule+, 12.2638, 5.50546
Borda+, 12.575, 7.77455
Score-Then-Borda+, 12.575, 12.47274
RandomSort, 12.4926, 54.09016
Local-Search, 12.2612, 49.58887
Linear-Programming-Relaxation, 12.2612, 120.62325
Copeland, 13.4244, 39.38393
OPTIMAL, 12.2612, 109.37844
