ALGORITHM, DISTANCE, TIME
FootRule+, 590.0475, 91.71820
Borda+, 607.6835, 88.52627
Score-Then-Borda+, 607.6835, 128.90390
RandomSort, 633.201, 70.74999
Local-Search, 587.111, 2520.08957
Linear-Programming-Relaxation, 587.002, 6214.07960
Copeland, 730.0085, 1595.16744
OPTIMAL, 587.002, 6157.71053
