ALGORITHM, DISTANCE, TIME
FootRule+, 178.53875, 18.58918
Borda+, 180.5575, 23.51095
Score-Then-Borda+, 178.81625, 35.57094
RandomSort, 188.43, 28.49993
Local-Search, 175.35625, 261.65048
Linear-Programming-Relaxation, 175.34125, 707.70309
Copeland, 209.9425, 184.77086
OPTIMAL, 175.34125, 716.55626
